{
  "ranking_metric": "per-class F1 score",
  "best_class": {
    "class_index": 1,
    "class_name": "eosinophil",
    "precision": 0.9983974358974359,
    "recall": 0.9983974358974359,
    "f1_score": 0.9983974358974359,
    "support": 624
  },
  "worst_class": {
    "class_index": 3,
    "class_name": "immature granulocytes(myelocytes, metamyelocytes and promyelocytes)",
    "precision": 0.9300341296928327,
    "recall": 0.9412780656303973,
    "f1_score": 0.9356223175965666,
    "support": 579
  },
  "macro_avg": {
    "precision": 0.9674618135580062,
    "recall": 0.9691530485997708,
    "f1-score": 0.9682163666789636,
    "support": 3421.0
  },
  "weighted_avg": {
    "precision": 0.9712773610063163,
    "recall": 0.9710610932475884,
    "f1-score": 0.9711048608956109,
    "support": 3421.0
  },
  "overall_accuracy": 0.9710610932475884
}